{"val_accuracy":0.5356666666666666,"epoch":3,"train_loss":0.13886958527565002,"_runtime":323.40829,"train_accuracy":0.949125,"_timestamp":1.7210278215570185e+09,"_step":2,"_wandb":{"runtime":379},"val_loss":2.16230215549469}