{"train_loss":0.5505038102467855,"val_accuracy":0.3313333333333333,"_timestamp":1.7211475836635764e+09,"_step":1,"_wandb":{"runtime":388},"epoch":2,"train_accuracy":0.32966666666666666,"val_loss":1.102169009208679,"_runtime":269.165998}