{"epoch":23,"_timestamp":1.7206026172141259e+09,"_runtime":1133.855557,"_step":45,"_wandb":{"runtime":1134},"val_loss":0.009849290363490582,"train_loss":0.010516593230909121}