{"_timestamp":1.7207020829230814e+09,"_runtime":1381.958064,"_step":199,"_wandb":{"runtime":1382},"val_loss":0.8903935551643372,"train_loss":0.06843857566875773,"epoch":100}