{"val_accuracy":0.726,"epoch":38,"_step":37,"_wandb":{"runtime":6768},"_timestamp":1.7212858419306762e+09,"train_loss":0.0427323190147678,"train_accuracy":0.9922083333333334,"val_loss":1.01866951751709,"_runtime":6717.130642}