{"_timestamp":1.719763335578351e+09,"train_loss":0.00506728281357766,"epoch":132,"_runtime":6838.710919,"_step":263,"_wandb":{"runtime":6839},"val_loss":0.006026067735197453}