{"val_loss":0.010960680432617664,"_timestamp":1.72058483254534e+09,"train_loss":0.011971211428622038,"epoch":30,"_runtime":1472.831779,"_step":59,"_wandb":{"runtime":1473}}