{"train_loss": 0.03146462580023628, "epoch": 9, "_timestamp": 1718865166.697361, "_runtime": 887.4264230728149, "_step": 17, "val_loss": 0.033123552312404166, "_wandb": {"runtime": 919}}