{"_wandb":{"runtime":294},"val_loss":0.6658564845501389,"_timestamp":1.720164936776963e+09,"train_loss":0.652722338106557,"epoch":6,"_runtime":293.936012,"_step":11}