{"_wandb":{"runtime":5952},"val_loss":0.01941032541003541,"train_loss":0.019041635487647923,"epoch":72,"_timestamp":1.7194022027881355e+09,"_runtime":5952.117442,"_step":143}