{"_runtime":405.271341,"_step":19,"_wandb":{"runtime":405},"val_loss":0.0048421859672775095,"train_loss":0.0040366313314970145,"epoch":10,"_timestamp":1.7204184823896837e+09}