{"_runtime":95.139613,"_step":1,"_wandb":{"runtime":95},"val_loss":0.08319000099837055,"_timestamp":1.719885963140324e+09,"train_loss":0.1308732275152542,"epoch":1}