{"epoch":96,"_runtime":880.893934,"_step":191,"_wandb":{"runtime":881},"val_loss":0.0977750395162175,"_timestamp":1.7199685423614428e+09,"train_loss":0.07035282914500829}