{"val_accuracy":0.45916666666666667,"_timestamp":1.7208417226496947e+09,"epoch":10,"train_loss":1.0273531615287842e-05,"train_accuracy":1,"val_loss":1.4453859980901083,"_runtime":1061.896556,"_step":9,"_wandb":{"runtime":1071}}