{"_runtime":487.568679,"_step":25,"_wandb":{"runtime":487},"val_loss":0.15187991793313738,"train_loss":0.1493211523168505,"epoch":13,"_timestamp":1.7201764014969444e+09}