{"val_loss":3.1383278158056394,"val_accuracy":0.9738333333333333,"train_loss":2.482650681014794e-06,"train_accuracy":1,"_step":9,"_wandb":{"runtime":2445},"_timestamp":1.720935271497424e+09,"epoch":10,"_runtime":2445.164469}