{"train_loss":0.005090213629812746,"epoch":10,"_timestamp":1.7201610242018924e+09,"_runtime":1685.779518,"_step":19,"_wandb":{"runtime":1686},"val_loss":0.0048112501879094055}