{"train_loss":0.06192080204954503,"epoch":190,"_timestamp":1.7197659881664631e+09,"_runtime":2649.097321,"_step":379,"_wandb":{"runtime":2649},"val_loss":0.07531290902541234}