{"train_loss": 0.003649047808218788, "epoch": 9, "_timestamp": 1717608242.1018255, "_runtime": 768.6619725227356, "_step": 17, "val_loss": 0.0037967155088038966}