{"_wandb":{"runtime":319},"val_loss":0.20236845487389116,"train_loss":0.05043003732722556,"epoch":7,"_timestamp":1.7201893850666225e+09,"_runtime":318.777704,"_step":13}