{"train_loss": 0.05599541694836661, "epoch": 4, "_timestamp": 1718939811.3688834, "_runtime": 616.6159462928772, "_step": 6, "val_loss": 0.05688620055886635}