{"train_loss": 0.04237152017970432, "epoch": 46, "_timestamp": 1718291469.6742985, "_runtime": 109.97308444976807, "_step": 91, "val_loss": 0.05185282557157048, "_wandb": {"runtime": 109}}