{"train_loss": 0.1170955522985532, "epoch": 4, "_timestamp": 1717994013.9847033, "_runtime": 487.9297032356262, "_step": 6, "val_loss": 0.11573923553949521}