{"val_loss":0.3664350008316275,"_wandb":{"runtime":1502},"val_accuracy":0.9738333333333333,"_timestamp":1.7209316946993268e+09,"train_accuracy":1,"_step":5,"epoch":6,"train_loss":5.278284909708238e-06,"_runtime":1408.244333}