{"train_loss": 0.004911976434958226, "epoch": 10, "_timestamp": 1718161797.7617848, "_runtime": 304.3900158405304, "_step": 19, "val_loss": 0.004694066963864583, "_wandb": {"runtime": 340}}