{"_runtime":158.623101,"_step":19,"_wandb":{"runtime":159},"val_loss":0.0901168888578048,"train_loss":0.09130976754369576,"epoch":10,"_timestamp":1.7198066654004078e+09}