{"_wandb":{"runtime":335},"val_loss":0.08542611908454162,"train_loss":0.08601913413774809,"epoch":20,"_timestamp":1.7197431636835477e+09,"_runtime":334.681807,"_step":39}