{"train_loss":0.007564225687984955,"epoch":24,"_timestamp":1.7198103510060174e+09,"_runtime":1268.147689,"_step":47,"_wandb":{"runtime":1268},"val_loss":0.007353479759051249}