{"train_loss": 0.0046037672447007995, "epoch": 12, "_timestamp": 1718281927.7915683, "_runtime": 164.51917338371277, "_step": 23, "val_loss": 0.004277520970991481}