{"_timestamp":1.720182629853239e+09,"train_loss":0.05128875507352025,"_runtime":395.922803,"_step":17,"_wandb":{"runtime":396},"val_loss":0.059717960593944096,"epoch":9}