{"train_loss": 0.04345704255270184, "epoch": 85, "_timestamp": 1718098431.2276661, "_runtime": 624.1805682182312, "_step": 169, "val_loss": 0.11392149033677226, "_wandb": {"runtime": 639}}