{"train_loss": 0.13541016891656235, "epoch": 3, "_timestamp": 1717995041.0417738, "_runtime": 355.096834897995, "_step": 5, "val_loss": 0.133686830906711}