{"train_loss":0.08596435872441165,"epoch":13,"_timestamp":1.7197398633725219e+09,"_runtime":210.930901,"_step":25,"_wandb":{"runtime":211},"val_loss":0.08550703697479688}