{"epoch":3,"train_loss":0.23111952964464824,"_runtime":669.872354,"train_accuracy":0.785875,"val_loss":0.7664053002993266,"val_accuracy":0.7035,"_timestamp":1.7215503285222425e+09,"_step":2,"_wandb":{"runtime":842}}