{"val_loss":0.004014345333770942,"epoch":100,"_timestamp":1.719849832776403e+09,"train_loss":0.0032408804863699975,"_runtime":34784.480455,"_step":199,"_wandb":{"runtime":34784}}