{"_runtime":406.800978,"_step":9,"_wandb":{"runtime":407},"val_loss":0.061984208793851726,"train_loss":0.054818773855685524,"epoch":5,"_timestamp":1.7197348225245628e+09}