{"epoch":3,"_timestamp":1.7199745940282562e+09,"train_loss":0.007208463094546293,"_runtime":801.736184,"_step":5,"_wandb":{"runtime":802},"val_loss":0.006834483034042425}