{"train_loss": 0.044301394569246394, "epoch": 26, "_timestamp": 1718292360.1968234, "_runtime": 77.08063840866089, "_step": 51, "val_loss": 0.045795520364541056, "_wandb": {"runtime": 76}}