{"train_loss": 0.06539391509124211, "epoch": 30, "_timestamp": 1718264427.4368668, "_runtime": 211.8152277469635, "_step": 59, "val_loss": 0.06988571763980805, "_wandb": {"runtime": 211}}