{"train_loss": 0.003739663131329649, "epoch": 46, "_timestamp": 1718285121.9116507, "_runtime": 626.7808017730713, "_step": 91, "val_loss": 0.004297875880933644, "_wandb": {"runtime": 626}}