{"train_loss":0.01125179231228232,"epoch":30,"_timestamp":1.7204917891205704e+09,"_runtime":1455.783808,"_step":59,"_wandb":{"runtime":1456},"val_loss":0.01082269661128521}