{"train_loss": 0.0031740854916804625, "epoch": 200, "_timestamp": 1718042422.8813155, "_runtime": 322.78883051872253, "_step": 399, "val_loss": 0.03783293806016445, "_wandb": {"runtime": 321}}