{"train_loss": 0.005948910802934233, "epoch": 5, "_timestamp": 1718101243.629161, "_runtime": 270.7630898952484, "_step": 9, "val_loss": 0.005722713832335287, "_wandb": {"runtime": 2932}}