{"_timestamp":1.7197544311759317e+09,"train_loss":0.2831451924780693,"_runtime":25.274158,"_step":1,"_wandb":{"runtime":25},"val_loss":0.20377120778176458,"epoch":1}