{"_wandb":{"runtime":156},"val_loss":0.08399664319635973,"train_loss":0.08955303001006969,"epoch":10,"_timestamp":1.7204900843491867e+09,"_runtime":155.668778,"_step":19}