{"train_loss":2.1760471228238506e-05,"train_accuracy":1,"_timestamp":1.72161353107099e+09,"_runtime":580.147116,"_step":4,"epoch":5,"val_loss":6.956987088521322,"val_accuracy":0.3333333333333333,"_wandb":{"runtime":583}}