{"train_loss":0.008107920612207584,"epoch":10,"_timestamp":1.7199019557504222e+09,"_runtime":498.655338,"_step":19,"_wandb":{"runtime":499},"val_loss":0.00777004674308697}