{"_runtime":170.839793,"_step":19,"_wandb":{"runtime":171},"val_loss":0.08299069186520679,"train_loss":0.08381261608281572,"epoch":10,"_timestamp":1.7205914940492027e+09}