{"train_loss": 0.060253559308392664, "epoch": 6, "_timestamp": 1718862897.9071112, "_runtime": 78.58566308021545, "_step": 11, "val_loss": 0.05905336384971937, "_wandb": {"runtime": 129}}