{"train_loss": 0.24881892081882273, "epoch": 1, "_timestamp": 1718268837.8759754, "_runtime": 27.125773429870605, "_step": 1, "val_loss": 0.01699571607761494, "_wandb": {"runtime": 27}}