{"epoch":30,"_timestamp":1.7205852927632635e+09,"_runtime":456.853902,"_step":59,"_wandb":{"runtime":457},"val_loss":0.08396045863628387,"train_loss":0.08773731083738702}