{"_wandb":{"runtime":398},"val_loss":0.13450286144094917,"train_loss":0.0876570889381256,"epoch":5,"_timestamp":1.7206112872497487e+09,"_runtime":398.389545,"_step":9}