{"train_loss": 0.005030935133107041, "epoch": 20, "_timestamp": 1718042643.1948955, "_runtime": 202.2114975452423, "_step": 39, "val_loss": 0.005733665293082595}