{"train_loss": 0.024784595164476408, "epoch": 100, "_timestamp": 1718170968.365006, "_runtime": 609.5700790882111, "_step": 199, "val_loss": 0.038115451019860754, "_wandb": {"runtime": 608}}