{"train_loss": 0.003556449537075335, "epoch": 27, "_timestamp": 1717606940.463424, "_runtime": 2446.323711872101, "_step": 53, "val_loss": 0.004210570829125049, "_wandb": {"runtime": 2531}}