{"train_loss":0.3058474113509679,"epoch":1,"_timestamp":1.71990049846231e+09,"_runtime":18.400442,"_step":0,"_wandb":{"runtime":18}}