{"_runtime":6942.722166,"_step":311,"_wandb":{"runtime":6976},"val_loss":0.06376970242400196,"epoch":156,"_timestamp":1.7202258906797776e+09,"train_loss":0.05055457818501589}