{"train_loss":0.004510854008407362,"epoch":31,"_timestamp":1.720062003416644e+09,"_runtime":5267.934638,"_step":61,"_wandb":{"runtime":5268},"val_loss":0.004769284409362802}