{"_wandb":{"runtime":4582},"train_accuracy":1,"_timestamp":1.721009959684774e+09,"_runtime":4567.949846,"_step":32,"epoch":33,"train_loss":5.273519977884907e-08,"val_loss":4.087355331420898,"val_accuracy":0.3531666666666667}