{"_step":1,"_wandb":{"runtime":71},"val_loss":0.023764959258420208,"train_loss":0.11767049305875225,"epoch":1,"_timestamp":1.7197527306373463e+09,"_runtime":71.452507}