{"val_accuracy":0.263,"epoch":24,"_runtime":2578.733901,"_step":23,"_wandb":{"runtime":2686},"train_accuracy":1,"val_loss":2.6013021558125815,"_timestamp":1.7207892929300637e+09,"train_loss":3.136002023893525e-06}