{"val_loss":0.7305262122154236,"_timestamp":1.7212281034966173e+09,"_step":29,"_wandb":{"runtime":4201},"epoch":30,"train_loss":0.08025436317920685,"train_accuracy":0.9666666666666667,"val_accuracy":0.7433333333333333,"_runtime":4200.853355}