{"train_loss": 0.0436960782962186, "epoch": 16, "_timestamp": 1718267718.927032, "_runtime": 68.80544996261597, "_step": 31, "val_loss": 0.04958804923043077, "_wandb": {"runtime": 68}}