{"_timestamp":1.720492204000432e+09,"_runtime":411.451576,"_step":59,"_wandb":{"runtime":411},"val_loss":0.08397360146045685,"train_loss":0.08127494093494818,"epoch":30}