{"train_loss": 0.022889719162117784, "epoch": 39, "_timestamp": 1719227128.9845026, "_runtime": 6618.396719455719, "_step": 77, "val_loss": 0.025786728617637904, "_wandb": {"runtime": 6617}}