{"train_loss": 0.007072611270395971, "epoch": 2, "_timestamp": 1718174113.3834636, "_runtime": 66.69342255592346, "_step": 3, "val_loss": 0.0048773439176638105}