{"train_loss": 0.0028700548880776573, "epoch": 35, "_timestamp": 1719212097.9016457, "_runtime": 8307.964362621307, "_step": 69, "val_loss": 0.003811846881197653, "_wandb": {"runtime": 8307}}