{"_timestamp":1.7193690830537074e+09,"train_loss":0.023992449969397228,"epoch":1,"_runtime":306.725262,"_step":1,"_wandb":{"runtime":307},"val_loss":0.005849546587157213}