{"train_loss": 0.04628153990272591, "epoch": 28, "_timestamp": 1718289702.7039077, "_runtime": 66.53930068016052, "_step": 55, "val_loss": 0.043714561788310784, "_wandb": {"runtime": 65}}