{"train_loss":0.33862097432189814,"epoch":1,"_timestamp":1.7205955963371534e+09,"_runtime":66.695346,"_step":1,"_wandb":{"runtime":74},"val_loss":0.034369055181741714}