{"train_loss":0.06653955638663801,"epoch":10,"_timestamp":1.7204333239472187e+09,"_runtime":116.954512,"_step":19,"_wandb":{"runtime":117},"val_loss":0.06715783476829529}