{"train_loss": 0.0049944643682816574, "epoch": 23, "_timestamp": 1718288208.2121735, "_runtime": 323.4395513534546, "_step": 45, "val_loss": 0.004335662644160421, "_wandb": {"runtime": 322}}