{"train_loss":0.01038672301387838,"epoch":5,"_runtime":424.311162,"_step":9,"_wandb":{"runtime":424},"val_loss":0.009663621041635971,"_timestamp":1.7206108854131274e+09}