{"train_loss": 0.019384848175180137, "epoch": 100, "_timestamp": 1718104274.835745, "_runtime": 361.1413631439209, "_step": 199, "val_loss": 0.08975330085270349, "_wandb": {"runtime": 359}}