{"train_loss": 0.003795793711074761, "epoch": 19, "_timestamp": 1718263104.914581, "_runtime": 480.94517397880554, "_step": 37, "val_loss": 0.004935243950316841, "_wandb": {"runtime": 480}}