{"_timestamp":1.7198879838255227e+09,"train_loss":0.03275412958228691,"epoch":1,"_runtime":370.384091,"_step":1,"_wandb":{"runtime":370},"val_loss":0.016440642487622743}