{"train_loss": 0.021553144411500087, "epoch": 46, "_timestamp": 1719309327.9960368, "_runtime": 4131.871827840805, "_step": 91, "val_loss": 0.021294360121771386, "_wandb": {"runtime": 4131}}