{"train_loss": 0.018745728833144154, "epoch": 30, "_timestamp": 1719071023.7731287, "_runtime": 4682.467536687851, "_step": 59, "val_loss": 0.022720903250887527, "_wandb": {"runtime": 4681}}