{"train_loss": 0.04667367501119476, "epoch": 10, "_timestamp": 1719054135.5226634, "_runtime": 1581.150161266327, "_step": 19, "val_loss": 0.04651268332820897, "_wandb": {"runtime": 1580}}