{"epoch":1,"_timestamp":1.7205989335179522e+09,"train_loss":0.7839770762737283,"_runtime":70.751379,"_step":1,"_wandb":{"runtime":90},"val_loss":0.033378858119249344}