{"train_loss": 0.0015613541478185886, "epoch": 200, "_timestamp": 1718028596.8671682, "_runtime": 1957.1278092861176, "_step": 399, "val_loss": 0.056912611424922946, "_wandb": {"runtime": 1956}}