{"val_loss":0.15425234094509105,"train_loss":0.11146006020098946,"epoch":1,"_timestamp":1.7202262375184877e+09,"_runtime":53.055863,"_step":1,"_wandb":{"runtime":53}}