{"train_loss": 0.004460295521688354, "epoch": 22, "_timestamp": 1718099671.2903652, "_runtime": 1213.510180234909, "_step": 42, "val_loss": 0.006009562838948351}