{"train_loss": 0.04405615854639191, "epoch": 10, "_timestamp": 1718016505.3158684, "_runtime": 82.94632029533386, "_step": 19, "val_loss": 0.043617932930772686, "_wandb": {"runtime": 82}}