{"train_loss": 0.02612600752047257, "epoch": 1, "_timestamp": 1718936662.8622282, "_runtime": 161.70072507858276, "_step": 1, "val_loss": 0.004933598860739851}