{"_wandb":{"runtime":435},"val_loss":0.08078818525239634,"train_loss":0.016829583297828035,"epoch":31,"_timestamp":1.7204556406419156e+09,"_runtime":435.32583,"_step":61}