{"epoch":11,"train_accuracy":1,"val_accuracy":0.15416666666666667,"_step":10,"_wandb":{"runtime":1220},"train_loss":1.013570048113858e-05,"val_loss":2.7684646078745523,"_timestamp":1.7207906010635471e+09,"_runtime":1192.112707}