{"epoch":12,"_timestamp":1.7201738189252543e+09,"_runtime":434.95691,"_step":23,"_wandb":{"runtime":435},"val_loss":0.35096047905387073,"train_loss":0.4194971584084274}