{"val_loss":0.0038295448976674988,"val_accuracy":0.9995,"_step":0,"epoch":1,"train_accuracy":0.8757916666666666,"_runtime":117.481812,"_wandb":{"runtime":117},"train_loss":0.23453686973055976,"_timestamp":1.7211338102091348e+09}