{"_step":19,"_wandb":{"runtime":505},"val_loss":0.009852520190179348,"train_loss":0.010842978128587524,"epoch":10,"_timestamp":1.7205964858219845e+09,"_runtime":505.548987}