{"train_loss": 0.5162834857246531, "decoder_loss": 0.5130088514694642, "epoch": 2, "_timestamp": 1717739837.3624241, "_runtime": 54.7522931098938, "_step": 3, "val_loss": 0.7050506672639957, "val_decoder_loss": 0.6814728255929619}