{"train_loss": 0.03705009647778102, "epoch": 32, "_timestamp": 1718268791.8221402, "_runtime": 98.11343932151794, "_step": 63, "val_loss": 0.041979884143032366, "_wandb": {"runtime": 96}}