{"train_loss": 0.019604129434534996, "epoch": 10, "_timestamp": 1717558934.262352, "_runtime": 136.36496901512146, "_step": 19, "val_loss": 0.1027340367436409, "_wandb": {"runtime": 134}}