{"epoch":10,"_timestamp":1.72076771751314e+09,"_runtime":420.39196,"_step":19,"_wandb":{"runtime":420},"val_loss":0.0728104014992714,"train_loss":0.07576243829727172}