{"val_loss":1.130817679087321,"_runtime":1524.902183,"_step":11,"_wandb":{"runtime":1525},"val_accuracy":0.5873333333333334,"epoch":12,"train_loss":0.053697948813438416,"train_accuracy":0.9960416666666667,"_timestamp":1.7211536228806503e+09}