{"train_loss":0.016699290575635538,"_runtime":18544.257308,"_step":427,"_wandb":{"runtime":18544},"val_loss":0.01766847161112318,"epoch":214,"_timestamp":1.719535249677129e+09}