{"train_loss": 0.0026731672190355095, "epoch": 149, "_timestamp": 1717982355.7000005, "_runtime": 16037.209727525711, "_step": 297, "val_loss": 0.052106244727171985}