{"train_loss": 0.060189386840377536, "epoch": 37, "_timestamp": 1718262526.7266772, "_runtime": 171.9620282649994, "_step": 73, "val_loss": 0.07310181742103247, "_wandb": {"runtime": 173}}