{"train_loss": 0.0029556889493638086, "epoch": 25, "_timestamp": 1719316558.8756404, "_runtime": 7212.414982318878, "_step": 49, "val_loss": 0.002947131405973208}