{"train_loss": 0.01514839631350843, "epoch": 1, "_timestamp": 1719317342.9799507, "_runtime": 304.5639576911926, "_step": 1, "val_loss": 0.00558235732017258, "_wandb": {"runtime": 310}}