{"train_loss": 0.0026158467238648468, "epoch": 100, "_timestamp": 1719132314.845879, "_runtime": 16272.845900058746, "_step": 199, "val_loss": 0.0140648300845396, "_wandb": {"runtime": 16271}}