{"_timestamp":1.7201592247159667e+09,"_runtime":351.802751,"_step":3,"_wandb":{"runtime":456},"val_loss":0.004752160999306493,"train_loss":0.005350555440852376,"epoch":2}