{"_step":19,"_wandb":{"runtime":539},"val_loss":0.00896604903615438,"train_loss":0.007475719286776658,"epoch":10,"_timestamp":1.719808510085279e+09,"_runtime":539.076449}