{"train_loss": 0.0520563535536118, "epoch": 10, "_timestamp": 1717987551.5020704, "_runtime": 1143.5670385360718, "_step": 19, "val_loss": 0.054961232399498974}