{"_timestamp":1.7197563426663432e+09,"_runtime":156.989615,"_step":19,"_wandb":{"runtime":157},"val_loss":0.08569885503787261,"train_loss":0.08898137262366738,"epoch":10}