{"train_loss":0.02478015138855731,"epoch":1,"_timestamp":1.7193678433142269e+09,"_runtime":306.241176,"_step":1,"_wandb":{"runtime":306},"val_loss":0.005904730019877298}