{"train_loss":0.010478076216228793,"epoch":10,"_timestamp":1.7205985113963692e+09,"_runtime":503.860893,"_step":19,"_wandb":{"runtime":504},"val_loss":0.009966742247343063}