{"_wandb":{"runtime":300},"val_loss":0.006717671908079161,"train_loss":0.038899555925365946,"epoch":1,"_timestamp":1.7193710321664035e+09,"_runtime":300.174824,"_step":1}