{"train_loss": 0.017152940656589923, "epoch": 100, "_timestamp": 1718094190.544724, "_runtime": 646.6291949748993, "_step": 199, "val_loss": 0.0582212522087327, "_wandb": {"runtime": 645}}