{"train_loss": 0.00445997980971795, "epoch": 34, "_timestamp": 1718290199.5437531, "_runtime": 478.3958270549774, "_step": 67, "val_loss": 0.00427966155874276, "_wandb": {"runtime": 477}}