{"train_loss": 0.1405399292278324, "decoder_loss": 0.1302013483362459, "epoch": 1, "_timestamp": 1717747895.5837483, "_runtime": 55.044294357299805, "_step": 1, "val_loss": 0.13028657354157547, "val_decoder_loss": 0.1256671517059721}