{"epoch":8,"_timestamp":1.7197328148590229e+09,"_runtime":2345.37961,"_step":15,"_wandb":{"runtime":2416},"val_loss":0.004485783123724387,"train_loss":0.004135744363170448}