{"epoch":80,"_timestamp":1.7200831538117235e+09,"_runtime":13261.216865,"_step":159,"_wandb":{"runtime":13333},"val_loss":0.005683246858479733,"train_loss":0.0038173538760807547}