{"train_loss": 0.003844461036159804, "epoch": 16, "_timestamp": 1718609381.8234096, "_runtime": 269.107266664505, "_step": 31, "val_loss": 0.0035955230230275467}