{"train_loss": 0.00022650560918568576, "epoch": 168, "_timestamp": 1718908618.81354, "_runtime": 29505.869311094284, "_step": 335, "val_loss": 0.0020729062983003226, "_wandb": {"runtime": 29505}}