{"_wandb":{"runtime":1291},"val_loss":0.00609388099520246,"_timestamp":1.7201822305182097e+09,"train_loss":0.006271806377124913,"epoch":8,"_runtime":1290.734328,"_step":15}