{"train_loss":0.06087883374174449,"epoch":69,"_timestamp":1.7204252621718972e+09,"_runtime":841.76832,"_step":137,"_wandb":{"runtime":850},"val_loss":0.06641546609697811}