{"train_loss": 0.0022935738679161926, "epoch": 30, "_timestamp": 1719078151.9484062, "_runtime": 7110.805291175842, "_step": 59, "val_loss": 0.00370414368406571, "_wandb": {"runtime": 7110}}