{"_runtime":1318.101666,"_step":9,"val_loss":3.5185769678751626,"val_accuracy":0.35,"_timestamp":1.7208432568200176e+09,"epoch":10,"train_loss":4.591067073217066e-07,"train_accuracy":1,"_wandb":{"runtime":1318}}