{"_runtime":4506.135535,"_step":187,"_wandb":{"runtime":4510},"val_loss":0.004708513039935684,"train_loss":0.00032640268548105364,"epoch":94,"_timestamp":1.7204536998048594e+09}