{"epoch":1,"_runtime":18.928489,"_step":0,"_wandb":{"runtime":19},"_timestamp":1.719900431216965e+09,"train_loss":0.30725970199403996}