{"_step":64,"_wandb":{"runtime":10925},"val_loss":0.003637680049707866,"train_loss":0.0032715191513722113,"epoch":33,"_timestamp":1.7198056744130402e+09,"_runtime":10909.594979}