{"train_loss": 0.036276760171892714, "epoch": 47, "_timestamp": 1718003597.2785494, "_runtime": 389.14791536331177, "_step": 93, "val_loss": 0.03710800581017639, "_wandb": {"runtime": 389}}