{"val_loss":0.005744209271403598,"train_loss":0.02366098534334505,"epoch":1,"_timestamp":1.719370594096842e+09,"_runtime":311.397702,"_step":1,"_wandb":{"runtime":311}}