{"_wandb":{"runtime":3512},"val_loss":0.007754728960297412,"train_loss":0.0073824256393468105,"epoch":65,"_timestamp":1.7198138710104473e+09,"_runtime":3511.672276,"_step":129}