{"train_loss":0.08391003694260049,"epoch":10,"_timestamp":1.7205930408582335e+09,"_runtime":178.524222,"_step":19,"_wandb":{"runtime":179},"val_loss":1.7810962624815911}