{"train_loss": 0.004803852083765574, "epoch": 6, "_timestamp": 1717917701.4731905, "_runtime": 1044.2872335910797, "_step": 11, "val_loss": 0.005684494404045582, "_wandb": {"runtime": 1157}}