{"_wandb":{"runtime":69},"val_loss":0.024269822331683896,"train_loss":0.11641832120158715,"epoch":1,"_timestamp":1.7197522999034736e+09,"_runtime":69.507778,"_step":1}