{"train_loss":0.05141915112621523,"epoch":10,"_timestamp":1.7199730542529392e+09,"_runtime":515.136055,"_step":19,"_wandb":{"runtime":515},"val_loss":0.05209366717310839}