{"_wandb":{"runtime":528},"val_loss":0.03896717949422644,"train_loss":0.011393498058996275,"epoch":10,"_timestamp":1.720592858906705e+09,"_runtime":527.588589,"_step":19}