{"train_loss": 0.007893291266943516, "epoch": 50, "_timestamp": 1719165092.0883865, "_runtime": 8034.562915563583, "_step": 99, "val_loss": 0.014727682558734368, "_wandb": {"runtime": 8034}}