{"train_loss": 0.004444086659683586, "epoch": 18, "_timestamp": 1718104818.9094646, "_runtime": 489.79568457603455, "_step": 35, "val_loss": 0.005391836521410852}