{"_step":99,"_wandb":{"runtime":2442},"val_loss":0.8764497637748718,"train_loss":0.010606981493439341,"epoch":50,"_timestamp":1.72069403938242e+09,"_runtime":2442.265944}