{"_timestamp":1.7197428254195113e+09,"train_loss":0.004864939960856193,"epoch":39,"_runtime":2048.793564,"_step":77,"_wandb":{"runtime":2049},"val_loss":0.014402762628518619}