{"_runtime":781.900262,"_step":19,"_wandb":{"runtime":782},"val_loss":0.05675005756094732,"train_loss":0.050646585129304554,"epoch":10,"_timestamp":1.720449007872369e+09}