{"_timestamp":1.7210273312278433e+09,"epoch":119,"val_loss":3.429312765757243,"val_accuracy":0.6178333333333333,"_wandb":{"runtime":14000},"train_loss":1.280893884351523e-06,"train_accuracy":1,"_runtime":13983.574271,"_step":118}