{"train_loss": 0.037993094442093214, "epoch": 11, "_timestamp": 1718936432.199524, "_runtime": 737.6522798538208, "_step": 21, "val_loss": 0.03837344004428379, "_wandb": {"runtime": 794}}