{"train_loss": 0.0002384190258629423, "epoch": 183, "_timestamp": 1719035085.1031082, "_runtime": 44783.44369721413, "_step": 365, "val_loss": 0.0022294527831578205}