{"train_loss": 0.026983915269904384, "epoch": 15, "_timestamp": 1718867810.5881383, "_runtime": 1540.9701743125916, "_step": 29, "val_loss": 0.7590931213867061, "_wandb": {"runtime": 1539}}