{"val_loss":2.8904791418711344,"val_accuracy":0.6116666666666667,"_timestamp":1.721181785092789e+09,"epoch":59,"train_loss":0.001150617020825545,"_runtime":7858.067088,"train_accuracy":1,"_step":58,"_wandb":{"runtime":7886}}