{"_timestamp":1.72018014994109e+09,"train_loss":0.9027111267921073,"_runtime":1950.071314,"_step":89,"_wandb":{"runtime":1972},"val_loss":1.2256968001634376,"epoch":45}