{"train_loss":0.003395887436304222,"epoch":132,"_timestamp":1.7202189444136271e+09,"_runtime":21153.860688,"_step":263,"_wandb":{"runtime":21154},"val_loss":0.5340942134514698}