{"train_loss": 0.07432693666434924, "decoder_loss": 0.06954472240651234, "epoch": 12, "_timestamp": 1717754418.2488732, "_runtime": 267.0967652797699, "_step": 23, "val_loss": 0.07320421487092972, "val_decoder_loss": 0.06832518085837364, "_wandb": {"runtime": 318}}