{"train_loss": 0.015550580961787285, "epoch": 64, "_timestamp": 1719202013.16029, "_runtime": 9654.533257961273, "_step": 126, "val_loss": 0.022736086754230923}