{"train_loss":0.05681020849253602,"epoch":10,"_timestamp":1.7204462741740077e+09,"_runtime":138.542663,"_step":19,"_wandb":{"runtime":138},"val_loss":0.054516684263944626}