{"train_loss": 0.04486501314922383, "epoch": 33, "_timestamp": 1718271364.916769, "_runtime": 65.58176398277283, "_step": 65, "val_loss": 0.0477921718524562, "_wandb": {"runtime": 64}}