{"train_loss": 0.04687202830454958, "epoch": 10, "_timestamp": 1718136002.306941, "_runtime": 76.03733110427856, "_step": 19, "val_loss": 0.04731464377940345, "_wandb": {"runtime": 75}}