{"_step":1,"_wandb":{"runtime":71},"val_loss":0.023348918564229215,"_timestamp":1.719754402486697e+09,"train_loss":0.11465916101227906,"epoch":1,"_runtime":71.057704}