{"val_loss":1.0975627698898316,"_wandb":{"runtime":315},"epoch":2,"train_loss":0.5496469696362813,"train_accuracy":0.3328333333333333,"val_accuracy":0.3333333333333333,"_timestamp":1.7211472704809728e+09,"_runtime":278.26798,"_step":1}