{"epoch":6,"_timestamp":1.7201613344045963e+09,"_runtime":306.82046,"_step":11,"_wandb":{"runtime":307},"val_loss":0.6541172532745487,"train_loss":0.6479768161378359}