{"train_loss": 0.04049272035110863, "epoch": 55, "_timestamp": 1718287867.0520134, "_runtime": 123.03328132629395, "_step": 109, "val_loss": 0.0413067867184243, "_wandb": {"runtime": 122}}