{"val_loss":0.005347985464070613,"val_accuracy":0.9988333333333334,"_timestamp":1.7211352498686173e+09,"train_loss":5.253375622486326e-08,"train_accuracy":1,"epoch":10,"_runtime":1087.683828,"_step":9,"_wandb":{"runtime":1088}}