{"train_loss": 0.13051715192110536, "epoch": 43, "_timestamp": 1717998240.3133447, "_runtime": 302.8619747161865, "_step": 84, "val_loss": 0.13044735059571363, "_wandb": {"runtime": 315}}