{"_timestamp":1.720226820670026e+09,"train_loss":0.06377759819299594,"epoch":1,"_runtime":175.21957,"_step":1,"_wandb":{"runtime":175},"val_loss":0.005001771243196495}