{"train_loss": 0.058018925764731, "epoch": 12, "_timestamp": 1718262599.392591, "_runtime": 59.1285400390625, "_step": 23, "val_loss": 0.07026901827526966, "_wandb": {"runtime": 57}}