{"_runtime":1890.036437,"_step":23,"_wandb":{"runtime":1890},"val_loss":0.0662474079438336,"train_loss":0.03425911150364341,"epoch":12,"_timestamp":1.7201759103032954e+09}