{"_timestamp":1.7204259243140588e+09,"_runtime":122.794837,"_step":19,"_wandb":{"runtime":123},"val_loss":0.08845296502113342,"train_loss":0.08379705579737358,"epoch":10}