{"train_loss":0.014609373768170675,"val_loss":2.5345107390085855,"_step":30,"val_accuracy":0.5953333333333334,"epoch":31,"_runtime":3344.837994,"_wandb":{"runtime":3415},"_timestamp":1.7211416641894903e+09,"train_accuracy":0.9949583333333333}