{"train_loss":0.11738083793826624,"epoch":1,"_timestamp":1.719754228183308e+09,"_runtime":69.576253,"_step":1,"_wandb":{"runtime":70},"val_loss":0.024850895637160794}