{"_timestamp":1.7198065032161515e+09,"train_loss":0.007550149141204522,"epoch":10,"_runtime":531.369891,"_step":19,"_wandb":{"runtime":531},"val_loss":0.007430725480214908}