{"epoch":100,"_timestamp":1.7207006971659977e+09,"_runtime":4876.026127,"_step":199,"_wandb":{"runtime":4876},"val_loss":0.010013836435973644,"train_loss":0.009876389986538895}