{"train_loss": 0.06021799402757319, "epoch": 9, "_timestamp": 1718096772.419589, "_runtime": 87.24905109405518, "_step": 17, "val_loss": 0.061652350369133524, "_wandb": {"runtime": 102}}