{"train_loss":0.0025133797719700235,"epoch":76,"_timestamp":1.7195752025711985e+09,"_runtime":21387.567558,"_step":151,"_wandb":{"runtime":21388},"val_loss":0.0026333429483064025}