{"epoch":243,"_timestamp":1.7204709724377086e+09,"train_loss":0.0011357988130200553,"_runtime":11437.137723,"_step":485,"_wandb":{"runtime":11437},"val_loss":0.05762092396616936}