{"val_loss":0.004747591570995012,"train_loss":0.0004737962592503973,"epoch":31,"_timestamp":1.7204552018711627e+09,"_runtime":1485.639395,"_step":61,"_wandb":{"runtime":1486}}