{"train_accuracy":0.8002083333333333,"val_loss":1.5217783823013307,"val_accuracy":0.4671666666666667,"_runtime":860.390348,"_step":1,"_wandb":{"runtime":905},"epoch":2,"train_loss":0.5130077697436015,"_timestamp":1.7211097085451407e+09}