{"_timestamp":1.7201712771355217e+09,"train_loss":0.6269970393233324,"epoch":15,"_runtime":2574.380114,"_step":29,"_wandb":{"runtime":2674},"val_loss":0.9521750781417552}