{"train_loss":0.08507603686855432,"epoch":10,"_timestamp":1.720598664684852e+09,"_runtime":149.494328,"_step":19,"_wandb":{"runtime":149},"val_loss":0.08406443893909454}