{"_runtime":83.624571,"_step":1,"_wandb":{"runtime":84},"val_loss":0.09149137107152581,"train_loss":0.11140440071378604,"epoch":1,"_timestamp":1.7193722699326878e+09}