{"epoch":3,"train_accuracy":0.321375,"val_loss":1.1037576376597087,"_step":2,"_wandb":{"runtime":416},"train_loss":0.5557710159619649,"val_accuracy":0.30666666666666664,"_timestamp":1.7211466412635899e+09,"_runtime":407.764791}