{"train_loss": 0.20999498713401057, "epoch": 1, "_timestamp": 1717558413.0900426, "_runtime": 25.142306566238403, "_step": 0, "_wandb": {"runtime": 355}}