{"train_loss": 0.008708677723389529, "epoch": 98, "_timestamp": 1718879094.4242427, "_runtime": 7651.97114777565, "_step": 195, "val_loss": 0.02403277003732981, "_wandb": {"runtime": 7650}}