{"train_loss": 0.02202843950319111, "epoch": 71, "_timestamp": 1718282923.3264658, "_runtime": 145.50795888900757, "_step": 141, "val_loss": 0.03445816880952545, "_wandb": {"runtime": 144}}