{"train_loss": 0.1353525535784839, "decoder_loss": 0.13191704300773324, "epoch": 4, "_timestamp": 1717748598.375911, "_runtime": 197.3978989124298, "_step": 6, "val_loss": 0.1347243025042545, "val_decoder_loss": 0.13117113068871114}