{"train_loss": 0.0011381440613414794, "epoch": 100, "_timestamp": 1718165528.1932359, "_runtime": 2928.515640974045, "_step": 199, "val_loss": 0.004213615073208932, "_wandb": {"runtime": 2927}}