{"train_loss": 0.0035718787368386982, "epoch": 22, "_timestamp": 1718265595.5486622, "_runtime": 543.5300221443176, "_step": 43, "val_loss": 0.030237312180713787, "_wandb": {"runtime": 542}}