{"train_loss":0.10864900291370502,"epoch":1,"_timestamp":1.7193711255945406e+09,"_runtime":89.972042,"_step":1,"_wandb":{"runtime":90},"val_loss":0.09266867505843807}