{"train_loss": 0.1611418091520971, "encoder_loss": 0.002375961903459283, "decoder_loss": 0.15876584762072826, "epoch": 536, "_timestamp": 1717774054.5164313, "_runtime": 12565.896903276443, "_step": 1071, "val_loss": 0.21781555116176604, "val_encoder_loss": 0.005312687461264431, "val_decoder_loss": 0.21250286281108857}