{"_step":453,"_wandb":{"runtime":65393},"val_loss":0.002436080470687689,"train_loss":0.002257314884959319,"epoch":227,"_timestamp":1.7195167018919773e+09,"_runtime":65392.912856}