{"train_accuracy":1,"_timestamp":1.7208013487602286e+09,"_wandb":{"runtime":10713},"val_loss":3.7728636468251544,"val_accuracy":0.35,"epoch":100,"train_loss":5.418060059506994e-08,"_runtime":10712.711536,"_step":99}