{"_runtime":67.066168,"_step":1,"_wandb":{"runtime":95},"val_loss":0.04571523889899254,"epoch":1,"_timestamp":1.7204893895423276e+09,"train_loss":0.4759004662548859}