{"_timestamp":1.7211290746551101e+09,"epoch":100,"train_loss":7.649226677545566e-09,"train_accuracy":1,"val_loss":0.004005262752374014,"val_accuracy":0.9976666666666667,"_runtime":10679.227173,"_step":99,"_wandb":{"runtime":10679}}