{"val_loss":0.10439884527366881,"train_loss":0.09550129116892855,"epoch":10,"_timestamp":1.719897553217243e+09,"_runtime":141.477739,"_step":19,"_wandb":{"runtime":141}}