{"train_loss": 0.038569643181197495, "epoch": 10, "_timestamp": 1718024890.780266, "_runtime": 20.167609930038452, "_step": 19, "val_loss": 0.03604631260037422, "_wandb": {"runtime": 19}}