{"train_loss": 0.0575775946587769, "epoch": 11, "_timestamp": 1719217086.8112793, "_runtime": 1851.4731142520905, "_step": 21, "val_loss": 0.06319638133345552, "_wandb": {"runtime": 1850}}