{"train_loss": 0.05032856763578846, "epoch": 10, "_timestamp": 1718025999.4993033, "_runtime": 104.00749230384827, "_step": 19, "val_loss": 0.05908852010965347, "_wandb": {"runtime": 103}}