{"_step":5,"_wandb":{"runtime":171},"val_loss":0.07217020385487136,"train_loss":0.07397481452564372,"epoch":3,"_timestamp":1.7199747669235759e+09,"_runtime":169.531218}