{"train_loss": 0.002862780497395503, "epoch": 39, "_timestamp": 1719237082.0427296, "_runtime": 9934.008009672165, "_step": 77, "val_loss": 0.0029224547601550523, "_wandb": {"runtime": 9933}}