{"val_loss":1.6626798521677653,"_step":8,"_wandb":{"runtime":1065},"train_accuracy":0.9774166666666667,"train_loss":0.06498400394370159,"val_accuracy":0.561,"_timestamp":1.721012231282294e+09,"_runtime":1050.713414,"epoch":9}