{"train_loss": 0.08022806730896309, "epoch": 2, "_timestamp": 1718271688.7969713, "_runtime": 9.25690221786499, "_step": 3, "val_loss": 0.06501041428997503, "_wandb": {"runtime": 7}}