{"train_loss": 0.02100936219301588, "epoch": 2, "_timestamp": 1718271417.0096037, "_runtime": 33.93517279624939, "_step": 3, "val_loss": 0.007720382516517451, "_wandb": {"runtime": 75}}