{"train_loss": 0.011175979253145592, "epoch": 60, "_timestamp": 1719045000.4069114, "_runtime": 9463.032687425613, "_step": 119, "val_loss": 0.017748577517161284, "_wandb": {"runtime": 9462}}