{"train_loss": 0.006059561327751652, "epoch": 2, "_timestamp": 1718096926.569401, "_runtime": 123.30219793319702, "_step": 3, "val_loss": 0.006753671299351796}