{"_timestamp":1.719907248242374e+09,"train_loss":0.08559292420391448,"_runtime":514.116714,"_step":115,"_wandb":{"runtime":514},"val_loss":0.09968189201658684,"epoch":58}