{"train_loss": 0.0013664394600863628, "epoch": 315, "_timestamp": 1718990206.5398548, "_runtime": 50341.14819765091, "_step": 629, "val_loss": 0.015513718992783166, "_wandb": {"runtime": 50416}}