{"train_loss": 0.07473507883784535, "encoder_loss": 0.004929356021496644, "decoder_loss": 0.06980572268951632, "epoch": 1, "_timestamp": 1717755399.4600453, "_runtime": 26.483776330947876, "_step": 1, "val_loss": 0.0732573440670967, "val_encoder_loss": 0.005075564342550933, "val_decoder_loss": 0.06818177945911884}