{"_timestamp":1.721105472329678e+09,"epoch":95,"val_loss":8.007789310455323,"val_accuracy":0.30716666666666664,"train_loss":3.954798310322379e-07,"train_accuracy":1,"_runtime":10619.741266,"_step":94,"_wandb":{"runtime":10697}}