{"_runtime":3356.95058,"_step":29,"val_loss":1.5142854814529418,"train_loss":0.0001411521378904581,"train_accuracy":1,"val_accuracy":0.7733333333333333,"_timestamp":1.721621146469377e+09,"_wandb":{"runtime":3357},"epoch":30}