{"_runtime":930.327825,"train_loss":1.2184444973870612e-06,"train_accuracy":1,"val_accuracy":0.9738333333333333,"_step":3,"_wandb":{"runtime":974},"val_loss":0.9110520961287741,"_timestamp":1.720932775343603e+09,"epoch":4}