{"epoch":9,"_timestamp":1.7201844939698849e+09,"_runtime":1448.914998,"_step":17,"_wandb":{"runtime":1449},"val_loss":0.0048029364951119565,"train_loss":0.004594784688480576}