{"_runtime":306.369408,"_step":1,"_wandb":{"runtime":306},"val_loss":0.006358677597096652,"train_loss":0.023682034961556814,"epoch":1,"_timestamp":1.719369800972558e+09}