{"train_loss":2.8515606944286748e-06,"val_accuracy":0.992,"_runtime":223.446297,"_step":1,"_wandb":{"runtime":237},"epoch":2,"train_accuracy":1,"val_loss":0.0941861500342687,"_timestamp":1.7211359824775734e+09}