{"train_loss": 0.12276332518977685, "epoch": 50, "_timestamp": 1717999593.9118612, "_runtime": 77.92423629760742, "_step": 99, "val_loss": 0.12242142617702484, "_wandb": {"runtime": 77}}