{"epoch":8,"_timestamp":1.7200948281024084e+09,"_runtime":1345.83736,"_step":15,"_wandb":{"runtime":1346},"val_loss":0.0924694426151929,"train_loss":0.07537411086627516}