{"_step":14,"val_loss":0.7095844049453736,"val_accuracy":0.7465,"_timestamp":1.7213034216994755e+09,"epoch":15,"train_loss":0.18001001091798147,"train_accuracy":0.9608333333333333,"_runtime":2695.776208,"_wandb":{"runtime":2864}}