{"_step":143,"_wandb":{"runtime":3292},"val_loss":0.08124975834615657,"train_loss":0.07531535149057957,"epoch":72,"_timestamp":1.7200124146304855e+09,"_runtime":3292.207935}