{"train_loss":0.005008007429631718,"epoch":8,"_timestamp":1.7201508944817495e+09,"_runtime":3245.224882,"_step":15,"_wandb":{"runtime":3595},"val_loss":0.004849250894039869}