{"train_loss": 0.1289010850516743, "epoch": 200, "_timestamp": 1718037116.6810584, "_runtime": 370.4027705192566, "_step": 399, "val_loss": 0.12778274416923524, "_wandb": {"runtime": 368}}