{"_wandb":{"runtime":500},"val_loss":0.028564637251660963,"_timestamp":1.7204397939472635e+09,"train_loss":0.004740266568330102,"epoch":10,"_runtime":499.838386,"_step":19}