{"train_loss": 0.04047350545014654, "epoch": 34, "_timestamp": 1718268337.2717788, "_runtime": 124.07678389549255, "_step": 67, "val_loss": 0.056499632623995, "_wandb": {"runtime": 122}}