{"train_loss": 0.0713611228488023, "encoder_loss": 0.0035105426960260707, "decoder_loss": 0.06785058011439755, "epoch": 123, "_timestamp": 1717759950.288916, "_runtime": 2894.152806043625, "_step": 245, "val_loss": 0.07098879702389241, "val_encoder_loss": 0.003910231231711805, "val_decoder_loss": 0.06707856543362141}