{"train_loss":0.005017175666980536,"epoch":10,"_timestamp":1.7204332034348476e+09,"_runtime":478.914532,"_step":19,"_wandb":{"runtime":479},"val_loss":0.005509166046977043}