{"_runtime":1148.401627,"_step":42,"_wandb":{"runtime":1153},"val_loss":0.3714441657066345,"train_loss":0.01135792312732282,"epoch":22,"_timestamp":1.7205954988379676e+09}