{"train_loss":0.015219847311314266,"epoch":124,"_timestamp":1.7204725105284133e+09,"_runtime":1534.322711,"_step":247,"_wandb":{"runtime":1534},"val_loss":0.08820684999227524}