{"train_loss": 0.0026158638425235743, "epoch": 53, "_timestamp": 1718173499.7315557, "_runtime": 1556.1819906234741, "_step": 105, "val_loss": 0.011323857744733278}