{"train_loss": 0.15550793872939217, "epoch": 1, "_timestamp": 1717558771.556457, "_runtime": 21.42403292655945, "_step": 0, "_wandb": {"runtime": 21}}