{"_timestamp":1.7201543225835958e+09,"train_loss":0.0049832333034753075,"epoch":5,"_runtime":2020.237848,"_step":9,"_wandb":{"runtime":2350},"val_loss":0.004798474866968903}