{"_runtime":4607.507646,"_step":199,"_wandb":{"runtime":4607},"val_loss":0.006163095800122306,"epoch":100,"_timestamp":1.7204244168968534e+09,"train_loss":0.00164710334329665}