{"train_loss": 0.0053574842865343085, "epoch": 14, "_timestamp": 1718292589.3853233, "_runtime": 211.34988617897034, "_step": 27, "val_loss": 0.004564813074073073, "_wandb": {"runtime": 210}}