{"val_loss":0.016955550987790183,"epoch":2,"_timestamp":1.7199923400835059e+09,"train_loss":0.0077041861400070685,"_runtime":265.10074,"_step":2,"_wandb":{"runtime":288}}