{"train_loss": 0.08631278170006616, "epoch": 1, "_timestamp": 1718268474.032997, "_runtime": 28.414138793945312, "_step": 1, "val_loss": 0.022753356309753288, "_wandb": {"runtime": 240}}