{"_timestamp":1.7202261810412273e+09,"_runtime":184.116405,"_step":1,"_wandb":{"runtime":184},"val_loss":0.017146169161681313,"train_loss":0.047556324976052944,"epoch":1}