{"train_loss": 0.07225813038261195, "epoch": 28, "_timestamp": 1718026279.8251185, "_runtime": 47.3972954750061, "_step": 55, "val_loss": 0.10695872724056243, "_wandb": {"runtime": 74}}