{"val_loss":0.007826224183374147,"train_loss":0.007658837527682093,"epoch":28,"_timestamp":1.719967658078647e+09,"_runtime":1341.683594,"_step":55,"_wandb":{"runtime":1342}}