{"train_loss": 0.0005931354107148226, "epoch": 1000, "_timestamp": 1718011848.44586, "_runtime": 8172.036362886429, "_step": 1999, "val_loss": 0.03220302266655145, "_wandb": {"runtime": 8170}}