{"train_loss": 0.030456115907607086, "epoch": 45, "_timestamp": 1718012654.385612, "_runtime": 355.96085596084595, "_step": 89, "val_loss": 0.033953029547392585, "_wandb": {"runtime": 354}}