{"_timestamp":1.7200649273218396e+09,"_runtime":2920.404379,"_step":111,"_wandb":{"runtime":2920},"val_loss":0.08940671833015937,"train_loss":0.0755767394690853,"epoch":56}