{"train_loss":0.004714453719556332,"epoch":10,"_timestamp":1.7207672939670718e+09,"_runtime":1412.116292,"_step":19,"_wandb":{"runtime":1412},"val_loss":0.004487382214516401}