{"train_loss": 0.04791583694501521, "epoch": 9, "_timestamp": 1718135815.7559688, "_runtime": 69.63956689834595, "_step": 17, "val_loss": 0.1308602056673227, "_wandb": {"runtime": 72}}