{"train_loss": 0.032548197885053975, "epoch": 44, "_timestamp": 1718174023.446505, "_runtime": 267.5094211101532, "_step": 86, "val_loss": 0.04856765079543349, "_wandb": {"runtime": 279}}