{"train_loss": 0.015929745183440678, "epoch": 100, "_timestamp": 1718609092.8554845, "_runtime": 335.15905356407166, "_step": 199, "val_loss": 0.019405402699295356, "_wandb": {"runtime": 334}}