{"train_loss": 0.0025812622584533273, "epoch": 71, "_timestamp": 1718283940.0261762, "_runtime": 999.3598942756653, "_step": 141, "val_loss": 0.0038368587412092596, "_wandb": {"runtime": 998}}