{"train_loss":0.011799890292598451,"epoch":10,"_timestamp":1.7204899254873595e+09,"_runtime":500.051802,"_step":19,"_wandb":{"runtime":500},"val_loss":0.010872201834177767}