{"_runtime":1133.127854,"_step":13,"_wandb":{"runtime":1133},"val_loss":0.01062676465931189,"train_loss":0.004661716989864017,"epoch":7,"_timestamp":1.7201890623501458e+09}