{"train_loss": 0.005359733026659772, "epoch": 4, "_timestamp": 1718136148.2737823, "_runtime": 127.58210015296936, "_step": 7, "val_loss": 0.007665861545826588}