{"_timestamp":1.7197344124723022e+09,"_runtime":1474.681721,"_step":9,"_wandb":{"runtime":1475},"val_loss":0.007184579450193577,"train_loss":0.004484571618417681,"epoch":5}