{"train_loss": 0.003931863545086546, "epoch": 10, "_timestamp": 1718017023.0335956, "_runtime": 495.35664463043213, "_step": 19, "val_loss": 0.0040503709726495505, "_wandb": {"runtime": 494}}