{"_step":1,"_wandb":{"runtime":367},"val_loss":0.007951281396902776,"train_loss":0.046779384361954744,"epoch":1,"_timestamp":1.7198845699210703e+09,"_runtime":367.450736}