{"_timestamp":1.7200091186917233e+09,"train_loss":0.0038207297030820723,"_runtime":15864.646003,"_step":199,"_wandb":{"runtime":15865},"val_loss":0.004589102026029583,"epoch":100}