{"train_loss": 0.005942326597869396, "epoch": 7, "_timestamp": 1718267946.9604156, "_runtime": 167.94527053833008, "_step": 13, "val_loss": 0.0075178069903975514, "_wandb": {"runtime": 246}}