{"_runtime":8433.769145,"_step":199,"_wandb":{"runtime":8434},"val_loss":0.030483724922457486,"train_loss":0.029039345455945737,"epoch":100,"_timestamp":1.7198582700545683e+09}