{"train_loss": 0.08150511426818989, "encoder_loss": 0.005858077191757959, "decoder_loss": 0.07564703729500763, "epoch": 2, "_timestamp": 1717756104.2554548, "_runtime": 50.28954482078552, "_step": 3, "val_loss": 0.07948688432574272, "val_encoder_loss": 0.005492517687380314, "val_decoder_loss": 0.07399436637759209, "_wandb": {"runtime": 61}}