{"train_loss": 0.02324937276097725, "epoch": 158, "_timestamp": 1718041889.2175157, "_runtime": 247.48213362693787, "_step": 315, "val_loss": 0.9228098368644715, "_wandb": {"runtime": 261}}