{"_timestamp":1.7204482224313204e+09,"_runtime":837.806428,"_step":19,"_wandb":{"runtime":838},"val_loss":0.005245263166645694,"train_loss":0.0035145778344648207,"epoch":10}