{"train_loss": 0.02924776344532308, "epoch": 108, "_timestamp": 1718039755.9241936, "_runtime": 180.8303165435791, "_step": 215, "val_loss": 0.15137466192245483}