{"_wandb":{"runtime":133},"val_accuracy":0.3973333333333333,"epoch":1,"train_loss":0.1461411352596236,"train_accuracy":0.9230833333333334,"_runtime":133.249456,"_step":0,"_timestamp":1.72161283959844e+09,"val_loss":3.976204240163167}