{"_step":19,"_wandb":{"runtime":161},"val_loss":0.10843856470279783,"epoch":10,"_timestamp":1.7197552341358628e+09,"train_loss":0.11058806094387008,"_runtime":160.703348}