{"_timestamp":1.7216175472591498e+09,"epoch":30,"train_loss":9.672567250284677e-05,"val_accuracy":0.7721666666666667,"train_accuracy":1,"val_loss":1.65627805519104,"_runtime":3334.65161,"_step":29,"_wandb":{"runtime":3335}}