{"train_loss":0.00571162515750126,"_runtime":472.896869,"_step":19,"_wandb":{"runtime":473},"val_loss":0.0060265264473855495,"epoch":10,"_timestamp":1.7204257983458908e+09}