{"train_loss":0.0051001741194173,"epoch":10,"_timestamp":1.7204461321227107e+09,"_runtime":502.676239,"_step":19,"_wandb":{"runtime":503},"val_loss":0.004486849997192621}