{"train_loss": 0.02443318716667043, "epoch": 50, "_timestamp": 1718002793.9023764, "_runtime": 81.4833915233612, "_step": 99, "val_loss": 0.04046911507844925, "_wandb": {"runtime": 80}}