{"_wandb":{"runtime":528},"train_accuracy":0.3333333333333333,"val_accuracy":0.3333333333333333,"_timestamp":1.7211488355918999e+09,"_runtime":526.82704,"_step":3,"epoch":4,"train_loss":0.5500430040359497,"val_loss":1.0991297515233358}