{"train_loss": 0.0005871288865267192, "epoch": 100, "_timestamp": 1719156787.7722847, "_runtime": 24454.22708082199, "_step": 199, "val_loss": 0.002201390060099916, "_wandb": {"runtime": 24453}}