{"_timestamp":1.7199725354840493e+09,"train_loss":0.005042115041840721,"_runtime":2638.869062,"_step":19,"_wandb":{"runtime":2639},"val_loss":0.005001431482649127,"epoch":10}