{"train_loss": 0.05844191376929514, "epoch": 6, "_timestamp": 1718100944.378075, "_runtime": 45.514256954193115, "_step": 11, "val_loss": 0.060012569142629986, "_wandb": {"runtime": 59}}