{"train_loss":1.2425751927366946e-05,"val_accuracy":0.22683333333333333,"_timestamp":1.7210110825677857e+09,"_step":7,"_wandb":{"runtime":1178},"epoch":8,"train_accuracy":1,"val_loss":3.615079884211222,"_runtime":1101.607697}