{"_timestamp":1.719372182774475e+09,"train_loss":0.03960483136112783,"epoch":1,"_runtime":299.449819,"_step":1,"_wandb":{"runtime":299},"val_loss":0.006813909195207557}