{"train_loss": 0.4701901190224271, "decoder_loss": 0.4663365914977824, "epoch": 100, "_timestamp": 1717745061.2393537, "_runtime": 4972.960611581802, "_step": 199, "val_loss": 0.47657371745712457, "val_decoder_loss": 0.4727977806124194, "_wandb": {"runtime": 4972}}