{"_runtime":138.789881,"_step":19,"_wandb":{"runtime":139},"val_loss":0.10648325142952111,"train_loss":0.0955847196110606,"epoch":10,"_timestamp":1.7198086524760242e+09}