{"train_loss": 0.021923200869209188, "epoch": 76, "_timestamp": 1718281738.971719, "_runtime": 147.12391710281372, "_step": 151, "val_loss": 0.03612290910984341, "_wandb": {"runtime": 159}}