{"_step":61,"_wandb":{"runtime":453},"val_loss":0.0676188692130756,"train_loss":0.021645459690884532,"epoch":31,"_timestamp":1.72045912230982e+09,"_runtime":453.448231}