{"epoch":10,"_runtime":136.543666,"_step":19,"_wandb":{"runtime":136},"val_loss":0.292494535446167,"_timestamp":1.7204472414908273e+09,"train_loss":0.35553514509509093}