{"train_loss":0.007300477001981901,"epoch":14,"_timestamp":1.7197396491901531e+09,"_runtime":746.625443,"_step":27,"_wandb":{"runtime":747},"val_loss":0.027934406239252824}