{"_timestamp":1.720226875665023e+09,"_runtime":51.561023,"_step":1,"_wandb":{"runtime":52},"val_loss":0.06388263276762725,"train_loss":0.13259978195541672,"epoch":1}