{"_step":1,"_wandb":{"runtime":90},"val_loss":0.08086925890577759,"train_loss":0.08707874391623698,"epoch":1,"_timestamp":1.7193698947385185e+09,"_runtime":90.398832}