{"train_loss": 0.5017288061007974, "epoch": 1, "_timestamp": 1718036690.8483999, "_runtime": 6.199675798416138, "_step": 1, "val_loss": 0.3932591223716736, "_wandb": {"runtime": 6}}