{"train_loss": 0.005936840985502515, "epoch": 3, "_timestamp": 1718268429.0395699, "_runtime": 75.32497382164001, "_step": 5, "val_loss": 0.010473299650676834, "_wandb": {"runtime": 83}}