{"epoch":11,"_runtime":1645.641675,"_step":21,"_wandb":{"runtime":1646},"val_loss":0.18305135601096684,"_timestamp":1.7201732529544637e+09,"train_loss":0.10512300818524462}