{"train_loss":0.10107291778834769,"epoch":1,"_timestamp":1.7207858210155823e+09,"_runtime":111.516934,"_step":1,"_wandb":{"runtime":196},"val_loss":3.050853775660197}