{"_wandb":{"runtime":498},"val_loss":0.06293662069416836,"train_loss":0.05071204690015325,"epoch":11,"_timestamp":1.7201808873512523e+09,"_runtime":481.593804,"_step":21}