{"_timestamp":1.720776467514388e+09,"_runtime":5427.872754,"_step":25,"_wandb":{"runtime":5428},"val_loss":0.008440817482769489,"train_loss":0.004018144077310959,"epoch":13}