{"val_loss":0.09172380715608597,"train_loss":0.06734891073261348,"epoch":100,"_timestamp":1.720609965335582e+09,"_runtime":1369.951955,"_step":199,"_wandb":{"runtime":1370}}