{"train_loss": 0.0045897020866070785, "epoch": 19, "_timestamp": 1717999212.698849, "_runtime": 942.9546539783478, "_step": 37, "val_loss": 0.004509685905995192, "_wandb": {"runtime": 1191}}