{"train_loss": 0.004461792938919448, "epoch": 30, "_timestamp": 1717925593.1497352, "_runtime": 4204.067805290222, "_step": 59, "val_loss": 0.004550070888956878, "_wandb": {"runtime": 4202}}