{"_wandb":{"runtime":981},"val_loss":0.006989244181857007,"train_loss":0.007378497612989224,"epoch":18,"_timestamp":1.7197511136835995e+09,"_runtime":980.834723,"_step":35}