{"_step":0,"epoch":1,"train_loss":0.03234919424075027,"train_accuracy":0.9846666666666667,"_runtime":112.342983,"val_accuracy":0.3426666666666667,"_timestamp":1.7210050674023764e+09,"val_loss":3.43493093363444,"_wandb":{"runtime":112}}