{"_step":149,"_wandb":{"runtime":3732},"val_loss":0.00773274192330591,"train_loss":0.004332406735595158,"epoch":75,"_timestamp":1.7199067305629675e+09,"_runtime":3731.568283}