{"train_loss": 0.05398493213159544, "epoch": 9, "_timestamp": 1717920694.9884684, "_runtime": 1756.3327453136444, "_step": 17, "val_loss": 0.05583367205451055, "_wandb": {"runtime": 1969}}