{"train_loss":0.03133827725912854,"epoch":1,"_timestamp":1.7198150132001145e+09,"_runtime":284.961641,"_step":0,"_wandb":{"runtime":287}}