{"val_loss":0.19145355841077114,"train_loss":0.053339980766128066,"epoch":10,"_timestamp":1.720439953647628e+09,"_runtime":156.52541,"_step":19,"_wandb":{"runtime":156}}