{"_wandb":{"runtime":551},"val_loss":0.00694483655871232,"train_loss":0.007699433869601495,"epoch":10,"_timestamp":1.7197550698471704e+09,"_runtime":551.108938,"_step":19}