{"_step":193,"_wandb":{"runtime":7672},"val_loss":0.019219879349356542,"train_loss":0.01865159795654725,"epoch":97,"_timestamp":1.7195828778528008e+09,"_runtime":7671.704157}