{"train_loss": 0.004476555800752559, "epoch": 10, "_timestamp": 1718025142.697542, "_runtime": 102.46678185462952, "_step": 19, "val_loss": 0.004259115010499954, "_wandb": {"runtime": 101}}