{"_timestamp":1.7206085919948514e+09,"train_loss":0.009500656713441202,"_runtime":4896.504433,"_step":199,"_wandb":{"runtime":4896},"val_loss":0.02265463024377823,"epoch":100}