{"epoch":59,"_runtime":9803.380574,"_step":117,"_wandb":{"runtime":9896},"val_loss":0.08208304446046524,"_timestamp":1.720093334656785e+09,"train_loss":0.05452220993538771}