{"train_loss": 0.0044003591130494625, "epoch": 40, "_timestamp": 1718292037.8378942, "_runtime": 548.5710792541504, "_step": 79, "val_loss": 0.004213025387681541, "_wandb": {"runtime": 547}}