{"train_loss": 0.03211816375346987, "epoch": 34, "_timestamp": 1718161469.640018, "_runtime": 202.94696688652039, "_step": 67, "val_loss": 0.04067661426559123, "_wandb": {"runtime": 217}}