{"_timestamp":1.7206029751850402e+09,"_runtime":354.710257,"_step":49,"_wandb":{"runtime":355},"val_loss":0.08425268530845642,"train_loss":0.0862680503321307,"epoch":25}