{"train_loss":0.129317418801286,"epoch":10,"_timestamp":1.720095338197045e+09,"_runtime":506.485523,"_step":19,"_wandb":{"runtime":506},"val_loss":0.13911374300224347}