{"train_loss": 0.05845144168117792, "epoch": 2, "_timestamp": 1717921351.0051725, "_runtime": 288.892320394516, "_step": 3, "val_loss": 0.07094927644165455, "_wandb": {"runtime": 319}}