{"train_loss": 0.002815012901746049, "epoch": 17, "_timestamp": 1718871007.715006, "_runtime": 3178.843423128128, "_step": 32, "val_loss": 0.0033612719238897905, "_wandb": {"runtime": 3231}}