{"_step":5,"_wandb":{"runtime":667},"val_loss":0.005552501065234618,"_timestamp":1.7201567016358447e+09,"train_loss":0.004981962586080031,"epoch":3,"_runtime":666.633434}