{"_wandb":{"runtime":71},"val_loss":0.021449685970683235,"_timestamp":1.719753007881596e+09,"train_loss":0.10088273175623015,"epoch":1,"_runtime":70.586098,"_step":1}