{"val_loss":0.009433170249956541,"train_loss":0.007599933036107118,"epoch":10,"_timestamp":1.7198985266921058e+09,"_runtime":534.059255,"_step":19,"_wandb":{"runtime":534}}