{"_wandb":{"runtime":812},"val_loss":0.0042843836673550845,"epoch":5,"_timestamp":1.720227850106547e+09,"train_loss":0.004904101073184349,"_runtime":812.225934,"_step":9}