{"val_loss":0.6875170321464539,"val_accuracy":0.7513333333333333,"train_loss":0.230370783050855,"_step":2,"_wandb":{"runtime":659},"train_accuracy":0.8825,"_timestamp":1.7212014684470215e+09,"epoch":3,"_runtime":542.698724}