{"val_loss":0.0029110517085769905,"train_loss":0.0025178468484783182,"epoch":80,"_timestamp":1.7193962471450768e+09,"_runtime":22426.317773,"_step":159,"_wandb":{"runtime":22426}}