{"val_accuracy":0.7305,"epoch":18,"train_loss":0.04162168409427007,"train_accuracy":0.984875,"val_loss":1.509515625635783,"_timestamp":1.7216234828133452e+09,"_runtime":2050.036572,"_step":17,"_wandb":{"runtime":2062}}