{"val_loss":0.08261280180737614,"_timestamp":1.7204186004085455e+09,"train_loss":0.06861078161248058,"epoch":10,"_runtime":114.763278,"_step":19,"_wandb":{"runtime":115}}