{"train_loss": 0.004512621084028213, "epoch": 14, "_timestamp": 1718094774.6134696, "_runtime": 561.2226815223694, "_step": 27, "val_loss": 0.010614761633865804}