{"_timestamp":1.720157138385456e+09,"_runtime":309.535131,"_step":5,"_wandb":{"runtime":309},"val_loss":0.09486642525176317,"train_loss":0.088043098327699,"epoch":3}