{"train_loss": 0.03402595837276084, "epoch": 54, "_timestamp": 1718284477.2795372, "_runtime": 107.16463208198547, "_step": 107, "val_loss": 0.047565223224330364, "_wandb": {"runtime": 106}}