{"train_loss": 0.11481067240990774, "epoch": 2, "_timestamp": 1717562854.6031604, "_runtime": 16.2797794342041, "_step": 3, "val_loss": 0.028134578838944435, "_wandb": {"runtime": 26}}