{"_wandb":{"runtime":273},"val_loss":0.06306274704511652,"_timestamp":1.7201847705139668e+09,"train_loss":0.051917965974185895,"epoch":6,"_runtime":273.086541,"_step":11}