{"_wandb":{"runtime":702},"val_loss":0.08533081412315369,"train_loss":0.08432472216293226,"epoch":50,"_timestamp":1.7206947452018993e+09,"_runtime":702.434487,"_step":99}