{"train_loss": 0.003059858365251196, "epoch": 17, "_timestamp": 1719343590.066967, "_runtime": 4889.7243049144745, "_step": 33, "val_loss": 0.003360276484948888, "_wandb": {"runtime": 4889}}