{"train_loss": 0.05676429971904304, "epoch": 9, "_timestamp": 1719214727.8356016, "_runtime": 1567.4529736042023, "_step": 17, "val_loss": 0.06742603860387755, "_wandb": {"runtime": 1566}}