{"train_loss": 0.006686940233645671, "epoch": 200, "_timestamp": 1718026614.844946, "_runtime": 301.23657298088074, "_step": 399, "val_loss": 0.11136398792266845, "_wandb": {"runtime": 299}}