{"epoch":9,"_timestamp":1.720417918052997e+09,"_runtime":382.840198,"_step":17,"_wandb":{"runtime":394},"val_loss":0.005074113705597175,"train_loss":0.0037357015177652535}