{"_runtime":497.610344,"_step":19,"_wandb":{"runtime":498},"val_loss":0.007488250324209272,"train_loss":0.007668979597063757,"epoch":10,"_timestamp":1.7198992088041742e+09}