{"_step":67,"_wandb":{"runtime":448},"val_loss":0.09533939131702798,"train_loss":0.09526242083979046,"epoch":34,"_timestamp":1.719814322601411e+09,"_runtime":447.80171}