{"train_loss": 0.8640445988587658, "decoder_loss": 0.7278431846637918, "epoch": 1, "_timestamp": 1717739212.7603855, "_runtime": 6.724594593048096, "_step": 0, "_wandb": {"runtime": 5}}