{"_timestamp":1.720445512949784e+09,"_runtime":4034.989587,"_step":158,"_wandb":{"runtime":4034},"val_loss":0.03268148278622096,"train_loss":0.00016549376077273456,"epoch":80}