{"val_loss":0.07902016828457514,"train_loss":0.05650096042950948,"epoch":11,"_timestamp":1.7207777947234652e+09,"_runtime":1323.79686,"_step":21,"_wandb":{"runtime":1324}}