{"_step":67,"_wandb":{"runtime":5465},"val_loss":0.005135536623490943,"train_loss":0.003111479286157737,"epoch":34,"_timestamp":1.7201976916157389e+09,"_runtime":5402.702288}