{"_step":1,"_wandb":{"runtime":363},"val_loss":0.008392834912861215,"train_loss":0.0429329025457808,"epoch":1,"_timestamp":1.7198858647359047e+09,"_runtime":363.287702}