{"_timestamp":1.720591319888801e+09,"_runtime":519.566924,"_step":19,"_wandb":{"runtime":519},"val_loss":0.010880478617811152,"train_loss":0.011429688418695388,"epoch":10}