{"train_loss": 0.0029878932468849163, "epoch": 22, "_timestamp": 1719323974.1187577, "_runtime": 6510.575224637985, "_step": 43, "val_loss": 0.0029849944752184093}