{"train_loss": 0.0925835921798995, "epoch": 10, "_timestamp": 1718025559.1530952, "_runtime": 20.062122344970703, "_step": 19, "val_loss": 0.09540558218955994, "_wandb": {"runtime": 18}}