{"_step":1,"_wandb":{"runtime":71},"val_loss":0.024649886493858002,"train_loss":0.13218654355915668,"epoch":1,"_timestamp":1.7197538026707616e+09,"_runtime":70.998604}