{"_wandb":{"runtime":537},"val_loss":0.007492770655797078,"epoch":10,"_timestamp":1.7197561823284605e+09,"train_loss":0.0078119885268319676,"_runtime":536.604589,"_step":19}