{"train_loss": 0.0312262951973705, "epoch": 36, "_timestamp": 1718162577.5717154, "_runtime": 211.52968835830688, "_step": 70, "val_loss": 0.03909459253109299, "_wandb": {"runtime": 223}}