{"train_loss":0.007054354093780619,"epoch":10,"_timestamp":1.719895913305508e+09,"_runtime":558.22111,"_step":19,"_wandb":{"runtime":558},"val_loss":0.008506181126753748}