{"_timestamp":1.7206909392223978e+09,"train_loss":0.027511333766772155,"epoch":4,"_runtime":209.660236,"_step":7,"_wandb":{"runtime":215},"val_loss":0.022713355720043182}