{"_runtime":500.06434,"_step":19,"_wandb":{"runtime":500},"val_loss":0.04241519793868065,"train_loss":0.14280129208836653,"epoch":10,"_timestamp":1.7204471014501367e+09}