{"train_loss": 0.005523790911664628, "epoch": 4, "_timestamp": 1717912038.4033482, "_runtime": 162.49016618728638, "_step": 7, "val_loss": 0.0055133145535364745}