{"_wandb":{"runtime":1893},"val_loss":0.004304699345044174,"train_loss":0.004701531888139506,"epoch":11,"_timestamp":1.720164639438521e+09,"_runtime":1892.689799,"_step":21}