{"epoch":10,"_runtime":103.344514,"_step":19,"_wandb":{"runtime":103},"val_loss":0.09528406507661613,"_timestamp":1.7199020627922614e+09,"train_loss":0.0959929053896725}