{"train_loss":0.08601146462958505,"epoch":10,"_timestamp":1.7205966458474636e+09,"_runtime":156.341018,"_step":19,"_wandb":{"runtime":156},"val_loss":0.08430228382349014}