{"val_loss":0.09527730986610458,"train_loss":0.09830975360930191,"epoch":10,"_timestamp":1.7199008772938907e+09,"_runtime":108.20634,"_step":19,"_wandb":{"runtime":108}}