{"_wandb":{"runtime":286},"train_loss":0.031111386604877226,"epoch":1,"_timestamp":1.7198875846260638e+09,"_runtime":281.120915,"_step":0}