{"val_loss":0.004768459194303838,"epoch":31,"_timestamp":1.7204586656060925e+09,"train_loss":0.0033543376898517046,"_runtime":1496.957001,"_step":61,"_wandb":{"runtime":1497}}