{"train_loss": 0.004506636881641641, "epoch": 11, "_timestamp": 1718162173.7269914, "_runtime": 333.1800353527069, "_step": 21, "val_loss": 0.004408234732374388}