{"val_loss":0.9205016590754191,"epoch":4,"_runtime":554.511181,"_step":3,"_wandb":{"runtime":559},"val_accuracy":0.611,"_timestamp":1.7211502160354216e+09,"train_loss":0.12186850661039353,"train_accuracy":0.977875}