{"train_loss": 0.0029401840957329925, "epoch": 45, "_timestamp": 1718015232.791126, "_runtime": 2227.221946001053, "_step": 89, "val_loss": 0.0033876472718078537, "_wandb": {"runtime": 2226}}