{"train_loss": 0.004173419087319009, "epoch": 4, "_timestamp": 1718865980.151735, "_runtime": 773.9736170768738, "_step": 7, "val_loss": 0.007827785973642547, "_wandb": {"runtime": 775}}