{"train_loss": 0.05404416267636319, "epoch": 11, "_timestamp": 1719203772.7097516, "_runtime": 1698.2034375667572, "_step": 21, "val_loss": 0.058029122640735356, "_wandb": {"runtime": 1697}}