{"train_loss": 0.0037332547974368237, "epoch": 41, "_timestamp": 1717563120.1743824, "_runtime": 248.27948141098022, "_step": 81, "val_loss": 0.004694961942732334}