{"epoch":5,"_timestamp":1.7202280750723877e+09,"train_loss":0.0530524126097549,"_runtime":221.57432,"_step":9,"_wandb":{"runtime":222},"val_loss":0.06025865881894175}