{"train_loss":0.03618887224981145,"epoch":2,"_timestamp":1.7204180407431808e+09,"_runtime":93.989312,"_step":3,"_wandb":{"runtime":121},"val_loss":0.026712616358083276}