{"train_loss": 0.003090807446325586, "epoch": 28, "_timestamp": 1719336566.1512306, "_runtime": 8625.629165649414, "_step": 55, "val_loss": 0.003122532901785069, "_wandb": {"runtime": 8625}}