{"train_loss": 0.004613562303462199, "epoch": 12, "_timestamp": 1718269261.1545272, "_runtime": 284.5484621524811, "_step": 23, "val_loss": 0.004840872647975279}