{"train_loss": 0.004932284814801382, "epoch": 8, "_timestamp": 1719219125.0005689, "_runtime": 2020.7559928894043, "_step": 15, "val_loss": 0.007860524708229066, "_wandb": {"runtime": 2020}}