{"epoch":1,"_wandb":{"runtime":131},"val_accuracy":0.334,"_timestamp":1.7211514328963919e+09,"train_loss":0.5238734591007232,"_runtime":130.8851,"_step":0,"train_accuracy":0.462375,"val_loss":1.2227005058924356}